topic,qos,tagMode,deviceId,field,dataType,monitoring
ot/pipeline/outfitting/outfitting1/bay4/artifact,1,raw,LDR-GJ-O1B4-01-REGISTERED_PCD,raw_payload,STRING,true
ot/pipeline/outfitting/outfitting1/bay4/artifact,1,raw,LDR-GJ-O1B4-01-TRANSFORMATION_MATRIX,raw_payload,STRING,true
ot/pipeline/outfitting/outfitting1/bay4/artifact,1,raw,LDR-GJ-O1B4-01-SEGMENTED_PCD,raw_payload,STRING,true
ot/pipeline/outfitting/outfitting1/bay4/artifact,1,raw,LDR-GJ-O1B4-02-REGISTERED_PCD,raw_payload,STRING,true
ot/pipeline/outfitting/outfitting1/bay4/artifact,1,raw,LDR-GJ-O1B4-02-TRANSFORMATION_MATRIX,raw_payload,STRING,true
ot/pipeline/outfitting/outfitting1/bay4/artifact,1,raw,LDR-GJ-O1B4-02-SEGMENTED_PCD,raw_payload,STRING,true
ot/pipeline/outfitting/outfitting1/bay4/artifact,1,raw,LDR-GJ-O1B4-03-REGISTERED_PCD,raw_payload,STRING,true
ot/pipeline/outfitting/outfitting1/bay4/artifact,1,raw,LDR-GJ-O1B4-03-TRANSFORMATION_MATRIX,raw_payload,STRING,true
ot/pipeline/outfitting/outfitting1/bay4/artifact,1,raw,LDR-GJ-O1B4-03-SEGMENTED_PCD,raw_payload,STRING,true
ot/pipeline/outfitting/outfitting1/bay4/artifact,1,raw,LDR-GJ-O1B4-04-REGISTERED_PCD,raw_payload,STRING,true
ot/pipeline/outfitting/outfitting1/bay4/artifact,1,raw,LDR-GJ-O1B4-04-TRANSFORMATION_MATRIX,raw_payload,STRING,true
ot/pipeline/outfitting/outfitting1/bay4/artifact,1,raw,LDR-GJ-O1B4-04-SEGMENTED_PCD,raw_payload,STRING,true
ot/pipeline/outfitting/outfitting1/bay4/artifact,1,raw,LDR-GJ-O1B4-05-REGISTERED_PCD,raw_payload,STRING,true
ot/pipeline/outfitting/outfitting1/bay4/artifact,1,raw,LDR-GJ-O1B4-05-TRANSFORMATION_MATRIX,raw_payload,STRING,true
ot/pipeline/outfitting/outfitting1/bay4/artifact,1,raw,LDR-GJ-O1B4-05-SEGMENTED_PCD,raw_payload,STRING,true
ot/pipeline/outfitting/outfitting1/bay4/artifact,1,raw,LDR-GJ-O1B4-06-REGISTERED_PCD,raw_payload,STRING,true
ot/pipeline/outfitting/outfitting1/bay4/artifact,1,raw,LDR-GJ-O1B4-06-TRANSFORMATION_MATRIX,raw_payload,STRING,true
ot/pipeline/outfitting/outfitting1/bay4/artifact,1,raw,LDR-GJ-O1B4-06-SEGMENTED_PCD,raw_payload,STRING,true
ot/pipeline/outfitting/outfitting1/bay4/artifact,1,raw,LDR-GJ-O1B4-07-REGISTERED_PCD,raw_payload,STRING,true
ot/pipeline/outfitting/outfitting1/bay4/artifact,1,raw,LDR-GJ-O1B4-07-TRANSFORMATION_MATRIX,raw_payload,STRING,true
ot/pipeline/outfitting/outfitting1/bay4/artifact,1,raw,LDR-GJ-O1B4-07-SEGMENTED_PCD,raw_payload,STRING,true
ot/pipeline/outfitting/outfitting1/bay4/artifact,1,raw,LDR-GJ-O1B4-08-REGISTERED_PCD,raw_payload,STRING,true
ot/pipeline/outfitting/outfitting1/bay4/artifact,1,raw,LDR-GJ-O1B4-08-TRANSFORMATION_MATRIX,raw_payload,STRING,true
ot/pipeline/outfitting/outfitting1/bay4/artifact,1,raw,LDR-GJ-O1B4-08-SEGMENTED_PCD,raw_payload,STRING,true
ot/pipeline/outfitting/outfitting1/bay4/artifact,1,raw,LDR-GJ-O1B4-09-REGISTERED_PCD,raw_payload,STRING,true
ot/pipeline/outfitting/outfitting1/bay4/artifact,1,raw,LDR-GJ-O1B4-09-TRANSFORMATION_MATRIX,raw_payload,STRING,true
ot/pipeline/outfitting/outfitting1/bay4/artifact,1,raw,LDR-GJ-O1B4-09-SEGMENTED_PCD,raw_payload,STRING,true
ot/pipeline/outfitting/outfitting1/bay4/artifact,1,raw,LDR-GJ-O1B4-10-REGISTERED_PCD,raw_payload,STRING,true
ot/pipeline/outfitting/outfitting1/bay4/artifact,1,raw,LDR-GJ-O1B4-10-TRANSFORMATION_MATRIX,raw_payload,STRING,true
ot/pipeline/outfitting/outfitting1/bay4/artifact,1,raw,LDR-GJ-O1B4-10-SEGMENTED_PCD,raw_payload,STRING,true
ot/pipeline/outfitting/outfitting1/bay4/artifact,1,raw,LDR-GJ-O1B4-11-REGISTERED_PCD,raw_payload,STRING,true
ot/pipeline/outfitting/outfitting1/bay4/artifact,1,raw,LDR-GJ-O1B4-11-TRANSFORMATION_MATRIX,raw_payload,STRING,true
ot/pipeline/outfitting/outfitting1/bay4/artifact,1,raw,LDR-GJ-O1B4-11-SEGMENTED_PCD,raw_payload,STRING,true
ot/pipeline/outfitting/outfitting1/bay4/artifact,1,raw,LDR-GJ-O1B4-12-REGISTERED_PCD,raw_payload,STRING,true
ot/pipeline/outfitting/outfitting1/bay4/artifact,1,raw,LDR-GJ-O1B4-12-TRANSFORMATION_MATRIX,raw_payload,STRING,true
ot/pipeline/outfitting/outfitting1/bay4/artifact,1,raw,LDR-GJ-O1B4-12-SEGMENTED_PCD,raw_payload,STRING,true
ot/pipeline/outfitting/outfitting1/bay4/artifact,1,raw,LDR-GJ-O1B4-13-REGISTERED_PCD,raw_payload,STRING,true
ot/pipeline/outfitting/outfitting1/bay4/artifact,1,raw,LDR-GJ-O1B4-13-TRANSFORMATION_MATRIX,raw_payload,STRING,true
ot/pipeline/outfitting/outfitting1/bay4/artifact,1,raw,LDR-GJ-O1B4-13-SEGMENTED_PCD,raw_payload,STRING,true
ot/pipeline/outfitting/outfitting1/bay4/artifact,1,raw,LDR-GJ-O1B4-14-REGISTERED_PCD,raw_payload,STRING,true
ot/pipeline/outfitting/outfitting1/bay4/artifact,1,raw,LDR-GJ-O1B4-14-TRANSFORMATION_MATRIX,raw_payload,STRING,true
ot/pipeline/outfitting/outfitting1/bay4/artifact,1,raw,LDR-GJ-O1B4-14-SEGMENTED_PCD,raw_payload,STRING,true
ot/pipeline/outfitting/outfitting1/bay4/artifact,1,raw,LDR-GJ-O1B4-15-REGISTERED_PCD,raw_payload,STRING,true
ot/pipeline/outfitting/outfitting1/bay4/artifact,1,raw,LDR-GJ-O1B4-15-TRANSFORMATION_MATRIX,raw_payload,STRING,true
ot/pipeline/outfitting/outfitting1/bay4/artifact,1,raw,LDR-GJ-O1B4-15-SEGMENTED_PCD,raw_payload,STRING,true
ot/pipeline/outfitting/outfitting1/bay4/artifact,1,raw,LDR-GJ-O1B4-16-REGISTERED_PCD,raw_payload,STRING,true
ot/pipeline/outfitting/outfitting1/bay4/artifact,1,raw,LDR-GJ-O1B4-16-TRANSFORMATION_MATRIX,raw_payload,STRING,true
ot/pipeline/outfitting/outfitting1/bay4/artifact,1,raw,LDR-GJ-O1B4-16-SEGMENTED_PCD,raw_payload,STRING,true
ot/pipeline/outfitting/outfitting1/bay4/artifact,1,raw,LDR-GJ-O1B4-17-REGISTERED_PCD,raw_payload,STRING,true
ot/pipeline/outfitting/outfitting1/bay4/artifact,1,raw,LDR-GJ-O1B4-17-TRANSFORMATION_MATRIX,raw_payload,STRING,true
ot/pipeline/outfitting/outfitting1/bay4/artifact,1,raw,LDR-GJ-O1B4-17-SEGMENTED_PCD,raw_payload,STRING,true
ot/pipeline/outfitting/outfitting1/bay4/artifact,1,raw,LDR-GJ-O1B4-18-REGISTERED_PCD,raw_payload,STRING,true
ot/pipeline/outfitting/outfitting1/bay4/artifact,1,raw,LDR-GJ-O1B4-18-TRANSFORMATION_MATRIX,raw_payload,STRING,true
ot/pipeline/outfitting/outfitting1/bay4/artifact,1,raw,LDR-GJ-O1B4-18-SEGMENTED_PCD,raw_payload,STRING,true
ot/pipeline/outfitting/outfitting1/bay4/artifact,1,raw,LDR-GJ-O1B4-19-REGISTERED_PCD,raw_payload,STRING,true
ot/pipeline/outfitting/outfitting1/bay4/artifact,1,raw,LDR-GJ-O1B4-19-TRANSFORMATION_MATRIX,raw_payload,STRING,true
ot/pipeline/outfitting/outfitting1/bay4/artifact,1,raw,LDR-GJ-O1B4-19-SEGMENTED_PCD,raw_payload,STRING,true
ot/pipeline/outfitting/outfitting1/bay4/artifact,1,raw,LDR-GJ-O1B4-20-REGISTERED_PCD,raw_payload,STRING,true
ot/pipeline/outfitting/outfitting1/bay4/artifact,1,raw,LDR-GJ-O1B4-20-TRANSFORMATION_MATRIX,raw_payload,STRING,true
ot/pipeline/outfitting/outfitting1/bay4/artifact,1,raw,LDR-GJ-O1B4-20-SEGMENTED_PCD,raw_payload,STRING,true
